{"stat.useItem.46":11,"achievement.openInventory":63,"stat.killEntity.Sheep":1,"stat.damageDealt":400,"stat.useItem.3":4,"achievement.exploreAllBiomes":{"value":0,"progress":["Plains"]},"stat.killEntity.Cow":1,"stat.useItem.69":2,"stat.fallOneCm":422,"stat.flyOneCm":28427,"stat.killEntity.Chicken":1,"stat.drop":5,"stat.useItem.152":9,"stat.playOneMinute":41194,"stat.useItem.41":9,"stat.useItem.278":8,"stat.jump":71,"stat.useItem.113":96,"stat.mobKills":3,"stat.horseOneCm":3137,"stat.useItem.274":7,"stat.walkOneCm":121191,"stat.useItem.276":3,"stat.useItem.257":2}