{"stat.useItem.46":15,"achievement.openInventory":159,"stat.killEntity.Sheep":1,"stat.damageDealt":545,"stat.useItem.3":12,"achievement.exploreAllBiomes":{"value":0,"progress":["Plains"]},"stat.killEntity.Cow":1,"stat.fallOneCm":633,"stat.flyOneCm":137989,"stat.useItem.160":9,"stat.useItem.152":9,"stat.useItem.69":6,"stat.drop":37,"stat.killEntity.Chicken":1,"stat.damageTaken":-2147482453,"stat.useItem.175":1,"stat.useItem.116":1,"stat.useItem.54":1,"stat.playOneMinute":83994,"stat.useItem.41":9,"stat.mineBlock.15":2,"stat.useItem.278":12,"stat.useItem.15":2,"stat.killEntity.Pig":1,"stat.deaths":5,"stat.jump":165,"stat.useItem.58":1,"stat.useItem.113":96,"stat.mobKills":4,"stat.useItem.171":5,"stat.horseOneCm":4227,"stat.walkOneCm":238669,"stat.useItem.274":13,"stat.useItem.35":4,"stat.useItem.257":7,"stat.useItem.276":3}