{"stat.useItem.46":15,"achievement.openInventory":101,"stat.killEntity.Sheep":1,"stat.damageDealt":500,"stat.useItem.3":10,"achievement.exploreAllBiomes":{"value":0,"progress":["Plains"]},"stat.killEntity.Cow":1,"stat.fallOneCm":422,"stat.flyOneCm":52763,"stat.useItem.152":9,"stat.useItem.69":6,"stat.drop":7,"stat.killEntity.Chicken":1,"stat.damageTaken":1200,"stat.playOneMinute":59469,"stat.useItem.41":9,"stat.mineBlock.15":2,"stat.useItem.278":12,"stat.useItem.15":2,"stat.jump":109,"stat.useItem.113":96,"stat.mobKills":3,"stat.horseOneCm":3137,"stat.useItem.274":13,"stat.walkOneCm":184071,"stat.useItem.276":3,"stat.useItem.257":7}